{
"12_7cm_snd": {"category": "master","sounds": [{"name": "12_7cm_snd","stream": false}]},
"15_5cm_snd": {"category": "master","sounds": [{"name": "15_5cm_snd","stream": false}]},
"20mmgunpod_snd": {"category": "master","sounds": [{"name": "20mmgunpod_snd","stream": false}]},
"250kg_snd": {"category": "master","sounds": [{"name": "250kg_snd","stream": false}]},
"2a42_ka50_snd": {"category": "master","sounds": [{"name": "2a42_ka50_snd","stream": false}]},
"2a42_snd": {"category": "master","sounds": [{"name": "2a42_snd","stream": false}]},
"46cm_snd": {"category": "master","sounds": [{"name": "46cm_snd","stream": false}]},
"540pound_snd": {"category": "master","sounds": [{"name": "540pound_snd","stream": false}]},
"76mmgun_snd": {"category": "master","sounds": [{"name": "76mmgun_snd","stream": false}]},
"9k118_snd": {"category": "master","sounds": [{"name": "9k118_snd","stream": false}]},
"9k118tv_snd": {"category": "master","sounds": [{"name": "9k118tv_snd","stream": false}]},
"9k121_ka50_snd": {"category": "master","sounds": [{"name": "9k121_ka50_snd","stream": false}]},
"9k121_ka52_snd": {"category": "master","sounds": [{"name": "9k121_ka52_snd","stream": false}]},
"9k121tv_ka50_snd": {"category": "master","sounds": [{"name": "9k121tv_ka50_snd","stream": false}]},
"9k121tv_ka52_snd": {"category": "master","sounds": [{"name": "9k121tv_ka52_snd","stream": false}]},
"9k38_ka50_snd": {"category": "master","sounds": [{"name": "9k38_ka50_snd","stream": false}]},
"9k38_ka52_snd": {"category": "master","sounds": [{"name": "9k38_ka52_snd","stream": false}]},
"9m114_snd": {"category": "master","sounds": [{"name": "9m114_snd","stream": false}]},
"9m39_snd": {"category": "master","sounds": [{"name": "9m39_snd","stream": false}]},
"a-10_snd": {"category": "master","sounds": [{"name": "a-10_snd","stream": false}]},
"a10gau8_snd": {"category": "master","sounds": [{"name": "a10gau8_snd","stream": false}]},
"agm-65_snd": {"category": "master","sounds": [{"name": "agm-65_snd","stream": false}]},
"agm114_snd": {"category": "master","sounds": [{"name": "agm114_snd","stream": false}]},
"agm114tv_snd": {"category": "master","sounds": [{"name": "agm114tv_snd","stream": false}]},
"agm119_snd": {"category": "master","sounds": [{"name": "agm119_snd","stream": false}]},
"agm84_snd": {"category": "master","sounds": [{"name": "agm84_snd","stream": false}]},
"aim-9x_snd": {"category": "master","sounds": [{"name": "aim-9x_snd","stream": false}]},
"aim120_snd": {"category": "master","sounds": [{"name": "aim120_snd","stream": false}]},
"aim7_snd": {"category": "master","sounds": [{"name": "aim7_snd","stream": false}]},
"aim92_l_snd": {"category": "master","sounds": [{"name": "aim92_l_snd","stream": false}]},
"aim92_snd": {"category": "master","sounds": [{"name": "aim92_snd","stream": false}]},
"aim9_l_snd": {"category": "master","sounds": [{"name": "aim9_l_snd","stream": false}]},
"aim9_snd": {"category": "master","sounds": [{"name": "aim9_snd","stream": false}]},
"alert": {"category": "master","sounds": [{"name": "alert","stream": false}]},
"anm17allc_snd": {"category": "master","sounds": [{"name": "anm17allc_snd","stream": false}]},
"asraam_snd": {"category": "master","sounds": [{"name": "asraam_snd","stream": false}]},
"bk27_snd": {"category": "master","sounds": [{"name": "bk27_snd","stream": false}]},
"bofors40mm_l_snd": {"category": "master","sounds": [{"name": "bofors40mm_l_snd","stream": false}]},
"bofors40mm_snd": {"category": "master","sounds": [{"name": "bofors40mm_snd","stream": false}]},
"cbu-100_snd": {"category": "master","sounds": [{"name": "cbu-100_snd","stream": false}]},
"cbu-72_snd": {"category": "master","sounds": [{"name": "cbu-72_snd","stream": false}]},
"cbu-87_snd": {"category": "master","sounds": [{"name": "cbu-87_snd","stream": false}]},
"chain": {"category": "master","sounds": [{"name": "chain","stream": false}]},
"chain_ct": {"category": "master","sounds": [{"name": "chain_ct","stream": false}]},
"crv7_2_snd": {"category": "master","sounds": [{"name": "crv7_2_snd","stream": false}]},
"crv7_mpsm_snd": {"category": "master","sounds": [{"name": "crv7_mpsm_snd","stream": false}]},
"crv7_snd": {"category": "master","sounds": [{"name": "crv7_snd","stream": false}]},
"egbu24_snd": {"category": "master","sounds": [{"name": "egbu24_snd","stream": false}]},
"f5w_snd": {"category": "master","sounds": [{"name": "f5w_snd","stream": false}]},
"fim92_reload": {"category": "master","sounds": [{"name": "fim92_reload","stream": false}]},
"fim92_snd": {"category": "master","sounds": [{"name": "fim92_snd","stream": false}]},
"gau-12u_snd": {"category": "master","sounds": [{"name": "gau-12u_snd","stream": false}]},
"gau-22a_snd": {"category": "master","sounds": [{"name": "gau-22a_snd","stream": false}]},
"gau-8_snd": {"category": "master","sounds": [{"name": "gau-8_snd","stream": false}]},
"gbu-31_snd": {"category": "master","sounds": [{"name": "gbu-31_snd","stream": false}]},
"gbu-39_b_sdb_snd": {"category": "master","sounds": [{"name": "gbu-39_b_sdb_snd","stream": false}]},
"gbu-44_snd": {"category": "master","sounds": [{"name": "gbu-44_snd","stream": false}]},
"gbu-53_sdb_snd": {"category": "master","sounds": [{"name": "gbu-53_sdb_snd","stream": false}]},
"gltd": {"category": "master","sounds": [{"name": "gltd","stream": false}]},
"gsh-30-1_snd": {"category": "master","sounds": [{"name": "gsh-30-1_snd","stream": false}]},
"heli": {"category": "master","sounds": [{"name": "heli","stream": false}]},
"helidmg": {"category": "master","sounds": [{"name": "helidmg","stream": false}]},
"hit": {"category": "master","sounds": [{"name": "hit","stream": false}]},
"hydra70_10_snd": {"category": "master","sounds": [{"name": "hydra70_10_snd","stream": false}]},
"hydra70_4_snd": {"category": "master","sounds": [{"name": "hydra70_4_snd","stream": false}]},
"hydra70_l_snd": {"category": "master","sounds": [{"name": "hydra70_l_snd","stream": false}]},
"hydra70_m264rp_snd": {"category": "master","sounds": [{"name": "hydra70_m264rp_snd","stream": false}]},
"hydra70_mpsm_snd": {"category": "master","sounds": [{"name": "hydra70_mpsm_snd","stream": false}]},
"hydra70_snd": {"category": "master","sounds": [{"name": "hydra70_snd","stream": false}]},
"iris-t_snd": {"category": "master","sounds": [{"name": "iris-t_snd","stream": false}]},
"kh-25_snd": {"category": "master","sounds": [{"name": "kh-25_snd","stream": false}]},
"kh-31_snd": {"category": "master","sounds": [{"name": "kh-31_snd","stream": false}]},
"kh-35_snd": {"category": "master","sounds": [{"name": "kh-35_snd","stream": false}]},
"klimov_tv3_117vma": {"category": "master","sounds": [{"name": "klimov_tv3_117vma","stream": false}]},
"lau-68_snd": {"category": "master","sounds": [{"name": "lau-68_snd","stream": false}]},
"lewis7_7mm_snd": {"category": "master","sounds": [{"name": "lewis7_7mm_snd","stream": false}]},
"lockon": {"category": "master","sounds": [{"name": "lockon","stream": false}]},
"m102_105mm_snd": {"category": "master","sounds": [{"name": "m102_105mm_snd","stream": false}]},
"m134_l50_snd": {"category": "master","sounds": [{"name": "m134_l50_snd","stream": false}]},
"m134_l_snd": {"category": "master","sounds": [{"name": "m134_l_snd","stream": false}]},
"m134_r50_snd": {"category": "master","sounds": [{"name": "m134_r50_snd","stream": false}]},
"m134_snd": {"category": "master","sounds": [{"name": "m134_snd","stream": false}]},
"m230_30_snd": {"category": "master","sounds": [{"name": "m230_30_snd","stream": false}]},
"m230_snd": {"category": "master","sounds": [{"name": "m230_snd","stream": false}]},
"m240_r_snd": {"category": "master","sounds": [{"name": "m240_r_snd","stream": false}]},
"m3m_l_snd": {"category": "master","sounds": [{"name": "m3m_l_snd","stream": false}]},
"m3m_r_snd": {"category": "master","sounds": [{"name": "m3m_r_snd","stream": false}]},
"m61a1_1_snd": {"category": "master","sounds": [{"name": "m61a1_1_snd","stream": false}]},
"m61a1_2_snd": {"category": "master","sounds": [{"name": "m61a1_2_snd","stream": false}]},
"m61a1_l_snd": {"category": "master","sounds": [{"name": "m61a1_l_snd","stream": false}]},
"m61a1_snd": {"category": "master","sounds": [{"name": "m61a1_snd","stream": false}]},
"mg12_7mm_rr_snd": {"category": "master","sounds": [{"name": "mg12_7mm_rr_snd","stream": false}]},
"mg12_7mm_snd": {"category": "master","sounds": [{"name": "mg12_7mm_snd","stream": false}]},
"mg12_7mm_tf_snd": {"category": "master","sounds": [{"name": "mg12_7mm_tf_snd","stream": false}]},
"mg12_7mm_uf_snd": {"category": "master","sounds": [{"name": "mg12_7mm_uf_snd","stream": false}]},
"mg15_snd": {"category": "master","sounds": [{"name": "mg15_snd","stream": false}]},
"mg20mm_f_snd": {"category": "master","sounds": [{"name": "mg20mm_f_snd","stream": false}]},
"mg20mm_rr_snd": {"category": "master","sounds": [{"name": "mg20mm_rr_snd","stream": false}]},
"mg20mm_sl_snd": {"category": "master","sounds": [{"name": "mg20mm_sl_snd","stream": false}]},
"mg20mm_snd": {"category": "master","sounds": [{"name": "mg20mm_snd","stream": false}]},
"mg20mm_sr_snd": {"category": "master","sounds": [{"name": "mg20mm_sr_snd","stream": false}]},
"mg20mm_t_snd": {"category": "master","sounds": [{"name": "mg20mm_t_snd","stream": false}]},
"mg25mm_snd": {"category": "master","sounds": [{"name": "mg25mm_snd","stream": false}]},
"mg7_7mm_snd": {"category": "master","sounds": [{"name": "mg7_7mm_snd","stream": false}]},
"mk46_3_snd": {"category": "master","sounds": [{"name": "mk46_3_snd","stream": false}]},
"mk46_snd": {"category": "master","sounds": [{"name": "mk46_snd","stream": false}]},
"mk62_snd": {"category": "master","sounds": [{"name": "mk62_snd","stream": false}]},
"mk82_12_snd": {"category": "master","sounds": [{"name": "mk82_12_snd","stream": false}]},
"mk82_2r_snd": {"category": "master","sounds": [{"name": "mk82_2r_snd","stream": false}]},
"mk82_snd": {"category": "master","sounds": [{"name": "mk82_snd","stream": false}]},
"mw-1_snd": {"category": "master","sounds": [{"name": "mw-1_snd","stream": false}]},
"ng": {"category": "master","sounds": [{"name": "ng","stream": false}]},
"pars_3_lr_snd": {"category": "master","sounds": [{"name": "pars_3_lr_snd","stream": false}]},
"plab-250-120_snd": {"category": "master","sounds": [{"name": "plab-250-120_snd","stream": false}]},
"plane": {"category": "master","sounds": [{"name": "plane","stream": false}]},
"plane_cc": {"category": "master","sounds": [{"name": "plane_cc","stream": false}]},
"plane_cv": {"category": "master","sounds": [{"name": "plane_cv","stream": false}]},
"plastic_bomb_snd": {"category": "master","sounds": [{"name": "plastic_bomb_snd","stream": false}]},
"prop": {"category": "master","sounds": [{"name": "prop","stream": false}]},
"r-60_snd": {"category": "master","sounds": [{"name": "r-60_snd","stream": false}]},
"r-73_snd": {"category": "master","sounds": [{"name": "r-73_snd","stream": false}]},
"r-77_snd": {"category": "master","sounds": [{"name": "r-77_snd","stream": false}]},
"radicon_heli": {"category": "master","sounds": [{"name": "radicon_heli","stream": false}]},
"ram116_snd": {"category": "master","sounds": [{"name": "ram116_snd","stream": false}]},
"rmk30_snd": {"category": "master","sounds": [{"name": "rmk30_snd","stream": false}]},
"rr_griffon": {"category": "master","sounds": [{"name": "rr_griffon","stream": false}]},
"rr_merlin": {"category": "master","sounds": [{"name": "rr_merlin","stream": false}]},
"s-5_snd": {"category": "master","sounds": [{"name": "s-5_snd","stream": false}]},
"s-5m57mm_snd": {"category": "master","sounds": [{"name": "s-5m57mm_snd","stream": false}]},
"s-8_ka50_snd": {"category": "master","sounds": [{"name": "s-8_ka50_snd","stream": false}]},
"s-8_snd": {"category": "master","sounds": [{"name": "s-8_snd","stream": false}]},
"s-8dm_snd": {"category": "master","sounds": [{"name": "s-8dm_snd","stream": false}]},
"s-8s_snd": {"category": "master","sounds": [{"name": "s-8s_snd","stream": false}]},
"s-8tsm_snd": {"category": "master","sounds": [{"name": "s-8tsm_snd","stream": false}]},
"s8_snd": {"category": "master","sounds": [{"name": "s8_snd","stream": false}]},
"sc50bi_snd": {"category": "master","sounds": [{"name": "sc50bi_snd","stream": false}]},
"sneb68mm_snd": {"category": "master","sounds": [{"name": "sneb68mm_snd","stream": false}]},
"type3bullet_snd": {"category": "master","sounds": [{"name": "type3bullet_snd","stream": false}]},
"type91torpedo_snd": {"category": "master","sounds": [{"name": "type91torpedo_snd","stream": false}]},
"type93torpedo_snd": {"category": "master","sounds": [{"name": "type93torpedo_snd","stream": false}]},
"type97_snd": {"category": "master","sounds": [{"name": "type97_snd","stream": false}]},
"yakb-12_7_snd": {"category": "master","sounds": [{"name": "yakb-12_7_snd","stream": false}]},
"zoom": {"category": "master","sounds": [{"name": "zoom","stream": false}]}
}

