{
	"A1Engine": {
		"category" : "player",
		"sounds" : [ "flansmod:A1Engine" ]
	},

	"A1Fly": {
		"category" : "player",
		"sounds" : [ "flansmod:A1Fly" ]
	},

	"A1start": {
		"category" : "player",
		"sounds" : [ "flansmod:A1start" ]
	},

	"a10": {
		"category" : "player",
		"sounds" : [ "flansmod:a10" ]
	},

	"AAfire": {
		"category" : "player",
		"sounds" : [ "flansmod:AAfire" ]
	},

	"BARReload": {
		"category" : "player",
		"sounds" : [ "flansmod:BARReload" ]
	},

	"barretshoots": {
		"category" : "player",
		"sounds" : [ "flansmod:barretshoots" ]
	},

	"BeowulfSDNVShoot": {
		"category" : "player",
		"sounds" : [ "flansmod:BeowulfSDNVShoot" ]
	},

	"BM21fire": {
		"category" : "player",
		"sounds" : [ "flansmod:BM21fire" ]
	},

	"bomb": {
		"category" : "player",
		"sounds" : [ "flansmod:bomb" ]
	},

	"bullet": {
		"category" : "player",
		"sounds" : [ "flansmod:bullet" ]
	},

	"bulletHit": {
		"category" : "player",
		"sounds" : [ "flansmod:bulletHit" ]
	},

	"coltReload": {
		"category" : "player",
		"sounds" : [ "flansmod:coltReload" ]
	},

	"Commanche": {
		"category" : "player",
		"sounds" : [ "flansmod:Commanche" ]
	},

	"Engine": {
		"category" : "player",
		"sounds" : [ "flansmod:Engine" ]
	},

	"g36cshoots": {
		"category" : "player",
		"sounds" : [ "flansmod:g36cshoots" ]
	},

	"gatling": {
		"category" : "player",
		"sounds" : [ "flansmod:gatling" ]
	},

	"helo": {
		"category" : "player",
		"sounds" : [ "flansmod:helo" ]
	},

	"heloA": {
		"category" : "player",
		"sounds" : [ "flansmod:heloA" ]
	},

	"heloB": {
		"category" : "player",
		"sounds" : [ "flansmod:heloB" ]
	},

	"heloC": {
		"category" : "player",
		"sounds" : [ "flansmod:heloC" ]
	},

	"heloD": {
		"category" : "player",
		"sounds" : [ "flansmod:heloD" ]
	},

	"heloE": {
		"category" : "player",
		"sounds" : [ "flansmod:heloE" ]
	},

	"heloF": {
		"category" : "player",
		"sounds" : [ "flansmod:heloF" ]
	},

	"heloG": {
		"category" : "player",
		"sounds" : [ "flansmod:heloG" ]
	},

	"heloH": {
		"category" : "player",
		"sounds" : [ "flansmod:heloH" ]
	},

	"heloJ": {
		"category" : "player",
		"sounds" : [ "flansmod:heloJ" ]
	},

	"heloJWS": {
		"category" : "player",
		"sounds" : [ "flansmod:heloJWS" ]
	},

	"heloK": {
		"category" : "player",
		"sounds" : [ "flansmod:heloK" ]
	},

	"heloL": {
		"category" : "player",
		"sounds" : [ "flansmod:heloL" ]
	},

	"heloM": {
		"category" : "player",
		"sounds" : [ "flansmod:heloM" ]
	},

	"heloN": {
		"category" : "player",
		"sounds" : [ "flansmod:heloN" ]
	},

	"heloO": {
		"category" : "player",
		"sounds" : [ "flansmod:heloO" ]
	},

	"HK416SDShoot": {
		"category" : "player",
		"sounds" : [ "flansmod:HK416SDShoot" ]
	},

	"HK416SDZDTShot": {
		"category" : "player",
		"sounds" : [ "flansmod:HK416SDZDTShot" ]
	},

	"HK416Shoot": {
		"category" : "player",
		"sounds" : [ "flansmod:HK416Shoot" ]
	},

	"IL76eng": {
		"category" : "player",
		"sounds" : [ "flansmod:IL76eng" ]
	},

	"IL76land": {
		"category" : "player",
		"sounds" : [ "flansmod:IL76land" ]
	},

	"lkw_lauf": {
		"category" : "player",
		"sounds" : [ "flansmod:lkw_lauf" ]
	},

	"lkw_start": {
		"category" : "player",
		"sounds" : [ "flansmod:lkw_start" ]
	},

	"m4a1shoots": {
		"category" : "player",
		"sounds" : [ "flansmod:m4a1shoots" ]
	},

	"M9SDNVShoot": {
		"category" : "player",
		"sounds" : [ "flansmod:M9SDNVShoot" ]
	},

	"m60e4shoots": {
		"category" : "player",
		"sounds" : [ "flansmod:m60e4shoots" ]
	},

	"M249Mono": {
		"category" : "player",
		"sounds" : [ "flansmod:M249Mono" ]
	},

	"M249SDNVSOPMODShoot": {
		"category" : "player",
		"sounds" : [ "flansmod:M249SDNVSOPMODShoot" ]
	},

	"M1014SDNVShoot": {
		"category" : "player",
		"sounds" : [ "flansmod:M1014SDNVShoot" ]
	},

	"MLRSfire": {
		"category" : "player",
		"sounds" : [ "flansmod:MLRSfire" ]
	},

	"MmacReload": {
		"category" : "player",
		"sounds" : [ "flansmod:MmacReload" ]
	},

	"MmacShoot": {
		"category" : "player",
		"sounds" : [ "flansmod:MmacShoot" ]
	},

	"MP7SDNVShoot": {
		"category" : "player",
		"sounds" : [ "flansmod:MP7SDNVShoot" ]
	},

	"mp7shoots": {
		"category" : "player",
		"sounds" : [ "flansmod:mp7shoots" ]
	},

	"mp44Reload": {
		"category" : "player",
		"sounds" : [ "flansmod:mp44Reload" ]
	},

	"PlaneA": {
		"category" : "player",
		"sounds" : [ "flansmod:PlaneA" ]
	},

	"PlaneB": {
		"category" : "player",
		"sounds" : [ "flansmod:PlaneB" ]
	},

	"PlaneShoot": {
		"category" : "player",
		"sounds" : [ "flansmod:PlaneShoot" ]
	},

	"pm9shoots": {
		"category" : "player",
		"sounds" : [ "flansmod:pm9shoots" ]
	},

	"propSound": {
		"category" : "player",
		"sounds" : [ "flansmod:propSound" ]
	},

	"propStart": {
		"category" : "player",
		"sounds" : [ "flansmod:propStart" ]
	},

	"sdpistol": {
		"category" : "player",
		"sounds" : [ "flansmod:sdpistol" ]
	},

	"Silenthawk": {
		"category" : "player",
		"sounds" : [ "flansmod:Silenthawk" ]
	},

	"stenReload": {
		"category" : "player",
		"sounds" : [ "flansmod:stenReload" ]
	},

	"T72Fire": {
		"category" : "player",
		"sounds" : [ "flansmod:T72Fire" ]
	},

	"TankShell": {
		"category" : "player",
		"sounds" : [ "flansmod:TankShell" ]
	},

	"Tu95eng": {
		"category" : "player",
		"sounds" : [ "flansmod:Tu95eng" ]
	},

	"Tu95idle": {
		"category" : "player",
		"sounds" : [ "flansmod:Tu95idle" ]
	},

	"Uralengine": {
		"category" : "player",
		"sounds" : [ "flansmod:Uralengine" ]
	},

	"Uralidle": {
		"category" : "player",
		"sounds" : [ "flansmod:Uralidle" ]
	},

	"usas12shoots": {
		"category" : "player",
		"sounds" : [ "flansmod:usas12shoots" ]
	},

	"V22engin": {
		"category" : "player",
		"sounds" : [ "flansmod:V22engin" ]
	},

	"V22vtol": {
		"category" : "player",
		"sounds" : [ "flansmod:V22vtol" ]
	},

	"viper": {
		"category" : "player",
		"sounds" : [ "flansmod:viper" ]
	},

	"ZSU23Mono": {
		"category" : "player",
		"sounds" : [ "flansmod:ZSU23Mono" ]
	}
}